id,name,description,rarity,types,alignment,governance_style,attack,defense,mana,url
0-001,"Deathbringer, The Undying",A fearsome undead warrior dressed in dark armor.,Rare,"Undead,Warrior",Evil,"Tyrant, Fear Monger",9.0,8.0,11,https://nearmonsters.s3.us-west-004.backblazeb2.com/alpha/final/0-001.png
0-002,Spectre of the Night,A translucent spirit warrior glowing in blue.,Common,"Spirit,Warrior",Neutral,Telepathic Manipulation,5.0,5.0,4,https://nearmonsters.s3.us-west-004.backblazeb2.com/alpha/final/0-002.png
0-003,Woodland Lycan,A ferocious werewolf beast ready to pounce.,Common,"Beast,Warrior",Neutral,Fear Monger,6.0,7.0,9,https://nearmonsters.s3.us-west-004.backblazeb2.com/alpha/final/0-003.png
0-004,Infernal Guardian,A fiery elemental bird with majestic plumage.,Common,"Celestial,Demon",Good,"Charismatic Charm, Egalitarian",5.0,6.0,5,https://nearmonsters.s3.us-west-004.backblazeb2.com/alpha/final/0-004.png
0-005,Lord Malthor,A menacing demon warrior with blood-red armor.,Rare,"Demon,Warrior",Evil,"Tyrant, Fear Monger",8.0,8.0,11,https://nearmonsters.s3.us-west-004.backblazeb2.com/alpha/final/0-005.png
0-006,"Moros, The Shadowmancer",A dark mage wielding shadowy powers.,Uncommon,"Mage,Undead",Evil,"Trickster, Telepathic Manipulation",7.0,6.0,7,https://nearmonsters.s3.us-west-004.backblazeb2.com/alpha/final/0-006.png
0-007,"Seraphine, The Winged Guardian",A celestial being with radiant wings and armor.,Rare,"Celestial,Elemental",Good,"Theocracy, Charismatic Charm",7.0,7.0,11,https://nearmonsters.s3.us-west-004.backblazeb2.com/alpha/final/0-007.png
0-008,Zarok the Mage Lord,A powerful mage wielding fiery magic.,Rare,"Demon,Mage",Evil,Tyrant,10.0,9.0,11,https://nearmonsters.s3.us-west-004.backblazeb2.com/alpha/final/0-008.png
0-009,Valen The Guardian,A mighty celestial warrior with golden armor.,Uncommon,"Celestial,Warrior",Good,Benevolent Overseer,7.0,6.0,8,https://nearmonsters.s3.us-west-004.backblazeb2.com/alpha/final/0-009.png
0-010,Azurewolf,A wolf-like creature channeling ice energies.,Rare,"Beast,Elemental",Neutral,Strategist,5.0,6.0,11,https://nearmonsters.s3.us-west-004.backblazeb2.com/alpha/final/0-010.png
0-011,Raccoon Scout,"A clever little raccoon, always on alert.",Common,"Beast,Spirit",Neutral,Trickster,3.0,2.0,4,https://nearmonsters.s3.us-west-004.backblazeb2.com/alpha/final/0-011.png
0-012,Blaze Golem,A rock entity with a fiery core.,Common,"Demon,Elemental",Neutral,Isolationist,4.0,4.0,5,https://nearmonsters.s3.us-west-004.backblazeb2.com/alpha/final/0-012.png
0-013,Furry Gatherers,Playful fluffy creatures from the meadows.,Common,"Beast, Demon",Good,Democracy,2.0,3.0,3,https://nearmonsters.s3.us-west-004.backblazeb2.com/alpha/final/0-013.png
0-014,Nyara the Forest Spirit,"Guardian of the deep woods, in sync with nature.",Uncommon,"Spirit,Elemental",Good,Egalitarian,6.0,6.0,7,https://nearmonsters.s3.us-west-004.backblazeb2.com/alpha/final/0-014.png
0-015,Skullbash Goblin,A mischievous goblin with a knack for trouble.,Common,"Beast,Warrior",Neutral,"Trickster,Plutocracy",5.0,4.0,6,https://nearmonsters.s3.us-west-004.backblazeb2.com/alpha/final/0-015.png
0-016,Lord Umbra,A mysterious sorcerer with immense power.,Uncommon,"Mage,Undead",Evil,"Telepathic Manipulation,Fear Monger",6.0,6.0,7,https://nearmonsters.s3.us-west-004.backblazeb2.com/alpha/final/0-016.png
0-017,Spectre King,Ruler of the ghostly realms.,Rare,"Undead,Warrior",Evil,"Tyrant,Theocracy",7.0,8.0,11,https://nearmonsters.s3.us-west-004.backblazeb2.com/alpha/final/0-017.png
0-018,Bone Emperor,An enforcer of the netherworld.,Common,"Undead,Mage",Evil,"Fear Monger,Telepathic Manipulation",5.0,5.0,4,https://nearmonsters.s3.us-west-004.backblazeb2.com/alpha/final/0-018.png
0-019,Glacial Warlord,A powerful shaman commanding the icy elements.,Common,"Mage, Warrior",Neutral,"Strategist,Egalitarian",6.0,5.0,8,https://nearmonsters.s3.us-west-004.backblazeb2.com/alpha/final/0-019.png
0-020,Jesterblade Goblin,A goblin rogue with deceptive tricks.,Common,"Warrior,Beast",Neutral,"Trickster,Isolationist",4.0,4.0,6,https://nearmonsters.s3.us-west-004.backblazeb2.com/alpha/final/0-020.png
0-021,Tentacle Warden,Guardian of the deepest abysses.,Rare,"Demon, Elemental",Evil,"Telepathic Manipulation,Strategist",7.0,6.0,11,https://nearmonsters.s3.us-west-004.backblazeb2.com/alpha/final/0-021.png
0-022,Count Veldren,A charismatic vampire with a flair for drama.,Rare,"Vampire,Warrior",Evil,"Charismatic Charm,Plutocracy",6.0,6.0,11,https://nearmonsters.s3.us-west-004.backblazeb2.com/alpha/final/0-022.png
0-023,Solaris The Celestial,A celestial being wielding immense solar power.,Rare,"Celestial,Warrior",Good,"Strategist,Charismatic Charm",8.0,7.0,11,https://nearmonsters.s3.us-west-004.backblazeb2.com/alpha/final/0-023.png
0-024,Flame Lion,A majestic lion engulfed in roaring flames.,Common,"Beast,Elemental",Neutral,Charismatic Charm,7.0,5.0,5,https://nearmonsters.s3.us-west-004.backblazeb2.com/alpha/final/0-024.png
0-025,Fuzzy Wisp,A cute yet mysteriously powerful creature.,Common,"Spirit,Beast",Neutral,Trickster,3.0,3.0,4,https://nearmonsters.s3.us-west-004.backblazeb2.com/alpha/final/0-025.png
0-026,Mystical Cheshire,A magical feline with an enigmatic grin.,Uncommon,"Beast, Vampire",Neutral,"Trickster,Telepathic Manipulation",4.0,5.0,9,https://nearmonsters.s3.us-west-004.backblazeb2.com/alpha/final/0-026.png
0-027,Ember Mystic,A cloaked figure harnessing the dark arts.,Common,"Mage, Celestial",Evil,Telepathic Manipulation,4.0,4.0,8,https://nearmonsters.s3.us-west-004.backblazeb2.com/alpha/final/0-027.png
0-028,Golem Warden,A towering golem with a crystalline core.,Common,"Warrior,Elemental",Good,"Benevolent Overseer,Egalitarian",7.0,6.0,8,https://nearmonsters.s3.us-west-004.backblazeb2.com/alpha/final/0-028.png
0-029,Zephyr The Icelord,A deity of the snow and sleet.,Rare,"Celestial,Elemental",Good,"Theocracy,Strategist",8.0,7.0,11,https://nearmonsters.s3.us-west-004.backblazeb2.com/alpha/final/0-029.png
0-030,"Voltara, Star Conduit",Ethereal being harnessing the power of the cosmos.,Rare,"Celestial,Elemental",Good,"Charismatic Charm, Telepathic Manipulation",7.0,6.0,11,https://nearmonsters.s3.us-west-004.backblazeb2.com/alpha/final/0-030.png
0-031,Jade Dragon,"Protector of enchanted forests, basks under the sunlight.",Uncommon,"Beast,Elemental",Neutral,"Egalitarian, Strategist",5.0,5.0,8,https://nearmonsters.s3.us-west-004.backblazeb2.com/alpha/final/0-031.png
0-032,Aria The Enchantress,Mystical sorceress who manipulates the elements.,Rare,"Mage,Elemental",Good,"Telepathic Manipulation, Charismatic Charm",6.0,7.0,11,https://nearmonsters.s3.us-west-004.backblazeb2.com/alpha/final/0-032.png
0-033,Spirit of The Abyss,An ancient spirit emanating eerie cold.,Rare,"Spirit,Undead",Neutral,"Isolationist, Fear Monger",4.0,6.0,7,https://nearmonsters.s3.us-west-004.backblazeb2.com/alpha/final/0-033.png
0-034,Snowbeast,A furry creature from the icy realms.,Uncommon,"Beast,Vampire",Neutral,Egalitarian,4.0,4.0,5,https://nearmonsters.s3.us-west-004.backblazeb2.com/alpha/final/0-034.png
0-035,Emerald Guardian,Silent protector of the deepest woods.,Common,"Warrior,Elemental",Good,Benevolent Overseer,5.0,4.0,5,https://nearmonsters.s3.us-west-004.backblazeb2.com/alpha/final/0-035.png
0-036,Steel Sentinel,A warrior forged in the crucible of battle.,Common,"Warrior,Elemental",Good,Democracy,5.0,4.0,5,https://nearmonsters.s3.us-west-004.backblazeb2.com/alpha/final/0-036.png
0-037,Lyria the Inferno,A powerful demoness with fiery wings.,Rare,"Demon,Elemental",Evil,"Tyrant, Fear Monger",9.0,8.0,11,https://nearmonsters.s3.us-west-004.backblazeb2.com/alpha/final/0-037.png
0-038,Dragonscale Guardian,A fierce warrior protected by dragon scales.,Common,"Warrior,Beast",Good,"Strategist, Egalitarian",4.0,3.0,6,https://nearmonsters.s3.us-west-004.backblazeb2.com/alpha/final/0-038.png
0-039,Fiery Drake,An elemental being that governs icy realms.,Common,"Elemental,Warrior",Neutral,"Isolationist, Charismatic Charm",8.0,8.0,11,https://nearmonsters.s3.us-west-004.backblazeb2.com/alpha/final/0-039.png
0-040,Vladimir the Bloodseeker,A vampire lord with an insatiable thirst.,Rare,"Vampire,Undead",Evil,"Fear Monger, Telepathic Manipulation",8.0,9.0,10,https://nearmonsters.s3.us-west-004.backblazeb2.com/alpha/final/0-040.png
0-041,Thunderous Lupus,A beast empowered by stormy rage.,Uncommon,"Beast,Elemental",Neutral,"Fear Monger, Strategist",5.0,7.0,8,https://nearmonsters.s3.us-west-004.backblazeb2.com/alpha/final/0-041.png
0-042,Valor the Gallant,A warrior striving for honor and justice.,Rare,"Celestial, Warrior",Good,"Egalitarian, Charismatic Charm",7.0,7.0,10,https://nearmonsters.s3.us-west-004.backblazeb2.com/alpha/final/0-042.png
0-043,Forest's Wrath,A territorial beast defending its woodland.,Common,"Beast,Elemental",Neutral,"Isolationist, Trickster",3.0,3.0,5,https://nearmonsters.s3.us-west-004.backblazeb2.com/alpha/final/0-043.png
0-044,Shadow Enforcer,A silhouette of darkness with glowing eyes.,Common,"Demon, Beast",Neutral,"Telepathic Manipulation,Isolationist",6.0,7.0,8,https://nearmonsters.s3.us-west-004.backblazeb2.com/alpha/final/0-044.png
0-045,Spiritual Seer,A mysterious entity channeling cosmic energy.,Common,"Spirit,Elemental",Good,"Benevolent Overseer,Telepathic Manipulation",5.0,4.0,4,https://nearmonsters.s3.us-west-004.backblazeb2.com/alpha/final/0-045.png
0-046,Lion Guardian,A majestic lion with armored plating.,Common,"Beast,Warrior",Good,"Egalitarian,Strategist",6.0,6.0,9,https://nearmonsters.s3.us-west-004.backblazeb2.com/alpha/final/0-046.png
0-047,Infernal Warrior,A hellish figure adorned with red armor and horns.,Common,"Demon,Warrior",Evil,"Fear Monger,Tyrant",5.0,5.0,5,https://nearmonsters.s3.us-west-004.backblazeb2.com/alpha/final/0-047.png
0-048,Thundercat Shaman,A mythical feline casting electric magic.,Common,"Mage,Beast",Good,"Telepathic Manipulation,Benevolent Overseer",6.0,6.0,8,https://nearmonsters.s3.us-west-004.backblazeb2.com/alpha/final/0-048.png
0-049,Octa The Deep One,An ancient tentacled entity from the ocean's abyss.,Rare,"Demon,Spirit",Evil,"Fear Monger,Isolationist",8.0,7.0,10,https://nearmonsters.s3.us-west-004.backblazeb2.com/alpha/final/0-049.png
0-050,Wolf Fighter,A fierce beast known for its powerful roars and fierce strength.,Common,"Beast,Warrior",Neutral,Fear Monger,7.0,6.0,6,https://nearmonsters.s3.us-west-004.backblazeb2.com/alpha/final/0-050.png
0-051,Lord Mortis,A demon of noble birth who seeks to expand his dark realm.,Rare,"Demon,Warrior",Evil,"Tyrant,Strategist",8.0,9.0,11,https://nearmonsters.s3.us-west-004.backblazeb2.com/alpha/final/0-051.png
0-052,Stormblade Vanguard,An elemental warrior who harnesses the power of the storm.,Uncommon,"Demon, Elemental",Neutral,"Strategist,Isolationist",7.0,7.0,8,https://nearmonsters.s3.us-west-004.backblazeb2.com/alpha/final/0-052.png
0-053,Waxy Zombie,A grotesque undead that feeds on the fears of the living.,Common,"Undead,Warrior",Evil,Fear Monger,5.0,6.0,7,https://nearmonsters.s3.us-west-004.backblazeb2.com/alpha/final/0-053.png
0-054,Verdant Hellbeast,A beast of the forest known for his strategic hunting techniques.,Common,"Beast,Demon",Neutral,"Isolationist,Egalitarian",6.0,7.0,9,https://nearmonsters.s3.us-west-004.backblazeb2.com/alpha/final/0-054.png
0-055,Nightclaw Brute,A beastly warrior who thrives in the dark alleys of cities.,Common,"Beast,Warrior",Neutral,Fear Monger,6.0,6.0,6,https://nearmonsters.s3.us-west-004.backblazeb2.com/alpha/final/0-055.png
0-056,Golden Knight,"A radiant entity of immense power, protector of realms.",Uncommon,"Celestial,Beast",Good,"Benevolent Overseer, Charismatic Charm",9.0,10.0,11,https://nearmonsters.s3.us-west-004.backblazeb2.com/alpha/final/0-056.png
0-057,Dark Knight,"A formidable armored knight, instilling fear in foes.",Common,"Warrior,Undead",Neutral,"Fear Monger, Isolationist",6.0,5.0,5,https://nearmonsters.s3.us-west-004.backblazeb2.com/alpha/final/0-057.png
0-058,EYELOCK,"An ancient sea creature, master of the deep.",Rare,"Beast,Demon",Evil,"Fear Monger, Trickster",8.0,9.0,11,https://nearmonsters.s3.us-west-004.backblazeb2.com/alpha/final/0-058.png
0-059,Deepsea Horror,A mysterious creature from the abyssal depths.,Common,"Beast,Demon",Neutral,"Isolationist, Telepathic Manipulation",5.0,5.0,5,https://nearmonsters.s3.us-west-004.backblazeb2.com/alpha/final/0-059.png
0-060,Shadowmancer,A being that dwells in darkness and commands shadowy forces.,Uncommon,"Vampire,Beast",Evil,"Fear Monger, Telepathic Manipulation",6.0,7.0,8,https://nearmonsters.s3.us-west-004.backblazeb2.com/alpha/final/0-060.png
0-061,Fierce Wolf,"A nocturnal predator with fiery eyes, hunting its prey.",Common,"Beast,Warrior",Neutral,Isolationist,6.0,5.0,6,https://nearmonsters.s3.us-west-004.backblazeb2.com/alpha/final/0-061.png
0-062,Frostfang The Terror,A monstrous entity from the frozen tundras.,Rare,"Beast,Warrior",Neutral,"Strategist, Isolationist",9.0,10.0,11,https://nearmonsters.s3.us-west-004.backblazeb2.com/alpha/final/0-062.png
0-063,Golden Paladin,"A champion of light, wielding power and righteousness.",Uncommon,"Warrior,Celestial",Good,"Benevolent Overseer, Charismatic Charm",7.0,6.0,8,https://nearmonsters.s3.us-west-004.backblazeb2.com/alpha/final/0-063.png
0-064,Sapphire Drake,"A majestic creature, guardian of the azure skies.",Common,"Celestial,Beast",Neutral,"Egalitarian, Strategist",6.0,7.0,8,https://nearmonsters.s3.us-west-004.backblazeb2.com/alpha/final/0-064.png
0-065,Forest Protector,"A guardian of the woods, ensuring harmony and balance.",Common,"Spirit,Demon",Good,"Egalitarian, Benevolent Overseer",6.0,5.0,4,https://nearmonsters.s3.us-west-004.backblazeb2.com/alpha/final/0-065.png
0-066,Rainbow Spirit,"A magical unicorn, protector of enchanted forests.",Uncommon,"Celestial,Beast",Good,"Benevolent Overseer, Egalitarian",4.0,5.0,5,https://nearmonsters.s3.us-west-004.backblazeb2.com/alpha/final/0-066.png
0-067,Frost Knight,"A guardian of the icy realms, cold and unyielding.",Common,"Warrior,Elemental",Neutral,"Isolationist, Fear Monger",7.0,6.0,8,https://nearmonsters.s3.us-west-004.backblazeb2.com/alpha/final/0-067.png
0-068,Nightshade Steed,"A mythical steed, riding through the darkness.",Uncommon,"Beast,Elemental",Neutral,"Egalitarian, Strategist",6.0,6.0,8,https://nearmonsters.s3.us-west-004.backblazeb2.com/alpha/final/0-068.png
0-069,Skyblade Guardian,"A winged guardian, protector of the heavens.",Common,"Warrior,Celestial",Good,"Benevolent Overseer, Strategist",8.0,7.0,8,https://nearmonsters.s3.us-west-004.backblazeb2.com/alpha/final/0-069.png
0-070,Verdant Dragon,"A creature of the forest, ensuring nature's balance.",Uncommon,"Beast,Warrior",Good,"Egalitarian, Fear Monger",6.0,5.0,5,https://nearmonsters.s3.us-west-004.backblazeb2.com/alpha/final/0-070.png
0-071,Midnight Whiskers,"A mystical feline, harbinger of luck and mystery.",Common,"Vampire,Demon",Neutral,"Trickster, Charismatic Charm",5.0,4.0,5,https://nearmonsters.s3.us-west-004.backblazeb2.com/alpha/final/0-071.png
0-072,Sorin The Wise Elder,An ancient sorcerer bearing wisdom and magic beyond ages.,Rare,"Beast,Mage",Neutral,"Strategist, Telepathic Manipulation",8.0,9.0,11,https://nearmonsters.s3.us-west-004.backblazeb2.com/alpha/final/0-072.png
0-073,Inferno Lord,"A fiery deity, master of flames and chaos.",Uncommon,"Elemental,Demon",Evil,"Fear Monger, Tyrant",7.0,6.0,8,https://nearmonsters.s3.us-west-004.backblazeb2.com/alpha/final/0-073.png
0-074,Ilyana The Starblade,A warrior princess with cosmic powers and unyielding spirit.,Rare,"Celestial, Vampire",Good,"Benevolent Overseer, Charismatic Charm",8.0,8.0,15,https://nearmonsters.s3.us-west-004.backblazeb2.com/alpha/final/0-074.png
0-075,Jungle Guardian,"A protector of the wilds, fierce and unyielding.",Common,"Beast,Warrior",Neutral,"Egalitarian, Isolationist",6.0,5.0,6,https://nearmonsters.s3.us-west-004.backblazeb2.com/alpha/final/0-075.png
0-076,Celestial Cub,"A young celestial entity, full of innocence and potential.",Uncommon,"Beast,Celestial",Good,Benevolent Overseer,4.0,3.0,5,https://nearmonsters.s3.us-west-004.backblazeb2.com/alpha/final/0-076.png
0-077,Azure Serpent,A majestic dragon soaring through tropical skies.,Uncommon,"Beast,Elemental",Neutral,"Strategist, Egalitarian",6.0,6.0,8,https://nearmonsters.s3.us-west-004.backblazeb2.com/alpha/final/0-077.png
0-078,River Spirits,"A mythical steed, guardian of pristine waters and serene landscapes.",Common,"Beast,Spirit",Good,"Egalitarian, Benevolent Overseer",5.0,5.0,4,https://nearmonsters.s3.us-west-004.backblazeb2.com/alpha/final/0-078.png
0-079,Celestial Griffin,A majestic creature that oversees the realms.,Uncommon,"Celestial,Beast",Good,"Benevolent Overseer,Strategist",6.0,7.0,11,https://nearmonsters.s3.us-west-004.backblazeb2.com/alpha/final/0-079.png
0-080,Feral Beast,A beast that has succumbed to its primal instincts.,Common,"Beast,Warrior",Neutral,Fear Monger,7.0,10.0,6,https://nearmonsters.s3.us-west-004.backblazeb2.com/alpha/final/0-080.png
0-081,Ice Sorceress,A mage with a chilling aura and control over frost.,Common,"Mage,Elemental",Neutral,Trickster,5.0,9.0,8,https://nearmonsters.s3.us-west-004.backblazeb2.com/alpha/final/0-081.png
0-082,Serena the Moonlit,Channeler of the moon's divine energy.,Rare,"Mage,Celestial",Good,"Theocracy,Strategist",5.0,5.0,11,https://nearmonsters.s3.us-west-004.backblazeb2.com/alpha/final/0-082.png
0-083,Drake of Inferno,A dragon from the molten cores of mountains.,Uncommon,"Beast,Elemental",Evil,"Fear Monger,Isolationist",6.0,7.0,8,https://nearmonsters.s3.us-west-004.backblazeb2.com/alpha/final/0-083.png
0-084,Phoenix Ascendant,A reborn spirit with fiery wings of vengeance.,Uncommon,"Spirit,Elemental",Neutral,"Benevolent Overseer,Strategist",7.0,6.0,10,https://nearmonsters.s3.us-west-004.backblazeb2.com/alpha/final/0-084.png
0-085,Kraken's Terror,Deep sea terror with tentacles of doom.,Common,"Beast,Demon",Evil,Fear Monger,8.0,12.0,5,https://nearmonsters.s3.us-west-004.backblazeb2.com/alpha/final/0-085.png
0-086,Gargoyle Watcher,Stone sentinel guarding the ancient spires.,Common,"Beast,Demon",Neutral,"Isolationist,Strategist",7.0,10.0,5,https://nearmonsters.s3.us-west-004.backblazeb2.com/alpha/final/0-086.png
0-087,Emerald Dragon,A dragon that harnesses the power of the earth.,Common,"Beast,Elemental",Neutral,"Strategist,Egalitarian",6.0,7.0,8,https://nearmonsters.s3.us-west-004.backblazeb2.com/alpha/final/0-087.png
0-088,Reaper of Shadows,"A ruler of the undead, ever seeking souls.",Rare,"Undead,Mage",Evil,"Fear Monger,Tyrant",5.0,6.0,10,https://nearmonsters.s3.us-west-004.backblazeb2.com/alpha/final/0-088.png
0-089,Orcus the Green Menace,A fearsome orc with a hunger for battle.,Rare,"Warrior,Beast",Evil,"Tyrant,Isolationist",7.0,8.0,12,https://nearmonsters.s3.us-west-004.backblazeb2.com/alpha/final/0-089.png
0-090,Winterwolf,A guardian beast with a chilling howl.,Common,"Beast,Spirit",Neutral,"Isolationist,Charismatic Charm",6.0,9.0,4,https://nearmonsters.s3.us-west-004.backblazeb2.com/alpha/final/0-090.png
0-091,Inferno Warden,A sentinel born from the fires of the underworld.,Common,"Demon,Mage",Evil,"Fear Monger,Strategist",5.0,8.0,8,https://nearmonsters.s3.us-west-004.backblazeb2.com/alpha/final/0-091.png
0-092,Deepsea Nightmare,A monster lurking in the abyssal depths.,Common,"Beast,Demon",Evil,"Fear Monger,Isolationist",5.0,9.0,5,https://nearmonsters.s3.us-west-004.backblazeb2.com/alpha/final/0-092.png
0-093,Azul the Flameforged,A warrior imbued with the soul of a blaze.,Rare,"Warrior,Demon",Neutral,"Benevolent Overseer,Strategist",6.0,6.0,11,https://nearmonsters.s3.us-west-004.backblazeb2.com/alpha/final/0-093.png
0-094,Zealot of the Cosmos,A mage who channels the power of the stars.,Uncommon,"Undead,Celestial",Good,"Theocracy,Telepathic Manipulation",6.0,7.0,8,https://nearmonsters.s3.us-west-004.backblazeb2.com/alpha/final/0-094.png
0-095,Frostfang Warlord,A leader with control over winter's might.,Uncommon,"Elemental,Demon",Neutral,"Strategist,Telepathic Manipulation",6.0,7.0,8,https://nearmonsters.s3.us-west-004.backblazeb2.com/alpha/final/0-095.png
0-096,Gruff the Forest Sage,An old hermit with ancient woodland knowledge.,Rare,"Spirit,Beast",Good,"Benevolent Overseer,Egalitarian",4.0,5.0,9,https://nearmonsters.s3.us-west-004.backblazeb2.com/alpha/final/0-096.png
0-097,Brutus the Brawler,A muscle-bound titan with a fiery temper.,Rare,"Warrior,Demon",Neutral,"Tyrant,Fear Monger",8.0,6.0,11,https://nearmonsters.s3.us-west-004.backblazeb2.com/alpha/final/0-097.png
0-098,Obsidian Warden,Guardian of the shadow realms with piercing ice-blue eyes.,Uncommon,"Celestial,Demon",Neutral,"Fear Monger,Telepathic Manipulation",5.0,7.0,8,https://nearmonsters.s3.us-west-004.backblazeb2.com/alpha/final/0-098.png
0-099,Blaze Witch,Sorceress controlling the ethereal dance of flames.,Common,"Demon,Mage",Neutral,"Theocracy,Strategist",6.0,5.0,11,https://nearmonsters.s3.us-west-004.backblazeb2.com/alpha/final/0-099.png
0-100,Orc Raider,A mischievous orc who loves playing cruel tricks.,Common,"Warrior,Demon",Evil,"Trickster,Charismatic Charm",6.0,9.0,5,https://nearmonsters.s3.us-west-004.backblazeb2.com/alpha/final/0-100.png
0-101,Abyss Lurker,"An enigma from the ocean's abyss, glowing with mystery.",Common,"Spirit, Demon",Evil,"Isolationist,Strategist",5.0,8.0,8,https://nearmonsters.s3.us-west-004.backblazeb2.com/alpha/final/0-101.png
0-102,Floral Avatar,Embodiment of nature's vibrant beauty and wrath.,Uncommon,"Celestial,Spirit",Good,"Benevolent Overseer,Egalitarian",6.0,6.0,11,https://nearmonsters.s3.us-west-004.backblazeb2.com/alpha/final/0-102.png
0-103,Nightcrawler Sentinel,Stealthy guardian of the moonlit terrains.,Common,"Vampire, Beast",Neutral,"Isolationist,Strategist",5.0,8.0,6,https://nearmonsters.s3.us-west-004.backblazeb2.com/alpha/final/0-103.png
0-104,Sly Silverpaws,A cunning sorcerer in the guise of a feline.,Rare,"Spirit,Beast",Good,"Trickster,Telepathic Manipulation",4.0,5.0,9,https://nearmonsters.s3.us-west-004.backblazeb2.com/alpha/final/0-104.png
0-105,Green Giant,A colossal being with a love for nature's wrath.,Common,"Warrior,Demon",Neutral,"Egalitarian,Strategist",8.0,7.0,9,https://nearmonsters.s3.us-west-004.backblazeb2.com/alpha/final/0-105.png
0-106,Starlight Unicorn,A radiant steed that gallops across celestial meadows.,Uncommon,"Celestial,Beast",Good,"Benevolent Overseer,Telepathic Manipulation",5.0,6.0,11,https://nearmonsters.s3.us-west-004.backblazeb2.com/alpha/final/0-106.png
0-107,Crimson Valkyrie,A fierce warrior maiden with wings of fire.,Common,"Beast,Warrior",Neutral,"Charismatic Charm,Strategist",6.0,7.0,8,https://nearmonsters.s3.us-west-004.backblazeb2.com/alpha/final/0-107.png
0-108,Drake Hoarder,A vigilant guardian with the scales of a dragon.,Uncommon,"Celestial,Beast",Neutral,"Strategist,Egalitarian",6.0,8.0,5,https://nearmonsters.s3.us-west-004.backblazeb2.com/alpha/final/0-108.png
0-109,Mischief,A magical creature with a penchant for mischief.,Common,"Vampire,Beast",Good,"Trickster,Telepathic Manipulation",5.0,5.0,10,https://nearmonsters.s3.us-west-004.backblazeb2.com/alpha/final/0-109.png
0-110,Glacial Titan,A juggernaut with an aura as cold as ice.,Common,"Elemental,Demon",Neutral,"Fear Monger,Isolationist",7.0,6.0,8,https://nearmonsters.s3.us-west-004.backblazeb2.com/alpha/final/0-110.png
0-111,Drake Fighter,A fighter with the heart and fury of a volcano.,Common,"Warrior,Beast",Neutral,"Tyrant,Charismatic Charm",8.0,7.0,11,https://nearmonsters.s3.us-west-004.backblazeb2.com/alpha/final/0-111.png
0-112,Aridel The Drake,A celestial being intertwined with the forces of nature.,Rare,"Celestial,Beast",Good,"Benevolent Overseer,Strategist",8.0,7.0,11,https://nearmonsters.s3.us-west-004.backblazeb2.com/alpha/final/0-112.png
0-113,Forest Bear Shaman,"Guardian of the forest, harnessing nature's power.",Common,"Spirit,Beast",Neutral,"Egalitarian,Theocracy",6.0,7.0,5,https://nearmonsters.s3.us-west-004.backblazeb2.com/alpha/final/0-113.png
0-114,Ravener the Enchanted Rabbit,Mischievous rabbit with hidden powers.,Rare,"Spirit,Beast",Good,"Trickster,Charismatic Charm",5.0,9.0,8,https://nearmonsters.s3.us-west-004.backblazeb2.com/alpha/final/0-114.png
0-115,Ominous Kraken,Deep-sea terror with unyielding tentacles.,Common,"Beast,Demon",Evil,"Fear Monger,Isolationist",7.0,8.0,5,https://nearmonsters.s3.us-west-004.backblazeb2.com/alpha/final/0-115.png
0-116,Veleda the Shadowmancer,Mistress of the shadows and keeper of forbidden secrets.,Rare,"Vampire,Undead",Evil,"Telepathic Manipulation,Charismatic Charm",6.0,7.0,10,https://nearmonsters.s3.us-west-004.backblazeb2.com/alpha/final/0-116.png
0-117,Galadran the Timebender,Guardian of time's secrets and master of arcane portals.,Rare,"Elemental,Warrior",Good,"Telepathic Manipulation,Strategist",6.0,6.0,11,https://nearmonsters.s3.us-west-004.backblazeb2.com/alpha/final/0-117.png
0-118,Embercloak Phantom,A shadowy figure cloaked in the essence of burning embers.,Common,"Elemental,Warrior",Evil,"Telepathic Manipulation,Fear Monger",7.0,5.0,10,https://nearmonsters.s3.us-west-004.backblazeb2.com/alpha/final/0-118.png
0-119,Lyn the Shadowblade,"Silent and deadly, she strikes from the shadows.",Uncommon,"Vampire,Warrior",Neutral,"Trickster,Strategist",6.0,8.0,8,https://nearmonsters.s3.us-west-004.backblazeb2.com/alpha/final/0-119.png
0-120,Seraphina the Luminous,A celestial warrior radiating divine energy.,Rare,"Celestial,Warrior",Good,"Benevolent Overseer,Charismatic Charm",6.0,7.0,11,https://nearmonsters.s3.us-west-004.backblazeb2.com/alpha/final/0-120.png
0-121,Oracle of Frostbound,Mystic seer who gazes into the icy abyss for answers.,Common,"Mage,Spirit",Neutral,Telepathic Manipulation,5.0,7.0,5,https://nearmonsters.s3.us-west-004.backblazeb2.com/alpha/final/0-121.png
0-122,Lord Warfang the Scorcher,Bearer of the flaming scepter and dominator of battlefields.,Rare,"Undead,Elemental",Evil,"Tyrant,Strategist",8.0,6.0,11,https://nearmonsters.s3.us-west-004.backblazeb2.com/alpha/final/0-122.png
0-123,"Laelia, Radiant Battlemage",A sorceress blending the arts of magic and combat.,Rare,"Mage,Warrior",Good,"Benevolent Overseer,Strategist",6.0,7.0,11,https://nearmonsters.s3.us-west-004.backblazeb2.com/alpha/final/0-123.png
0-124,Dreadfiend of the Abyss,"A creature from the fathomless depths, exuding malevolence.",Uncommon,"Demon,Beast",Evil,"Fear Monger,Tyrant",8.0,6.0,5,https://nearmonsters.s3.us-west-004.backblazeb2.com/alpha/final/0-124.png
0-125,Sir Thoran the Valiant,A knight bound by honor and a code of valor.,Uncommon,"Vampire,Warrior",Good,"Egalitarian,Theocracy",7.0,7.0,9,https://nearmonsters.s3.us-west-004.backblazeb2.com/alpha/final/0-125.png
0-126,Frostclaw Behemoth,A ferocious creature hailing from the icy tundras.,Common,"Beast,Elemental",Neutral,"Tyrant,Isolationist",7.0,6.0,9,https://nearmonsters.s3.us-west-004.backblazeb2.com/alpha/final/0-126.png
0-127,Cursed Bear,A mischievous cursed bear.,Common,"Vampire, Beast",Evil,Trickster,4.0,7.0,4,https://nearmonsters.s3.us-west-004.backblazeb2.com/alpha/final/0-127.png
0-128,Flameheart Celestia,"Guardian of the ethereal forest, she wields the power of stars and fire.",Uncommon,"Celestial, Demon",Good,"Benevolent Overseer,Trickster",6.0,5.0,11,https://nearmonsters.s3.us-west-004.backblazeb2.com/alpha/final/0-128.png
0-129,Necroking Eclipsion,"Ruler of the shadow realm, he commands spirits with a golden touch.",Rare,"Undead,Spirit",Evil,"Tyrant,Strategist",7.0,5.0,11,https://nearmonsters.s3.us-west-004.backblazeb2.com/alpha/final/0-129.png
0-130,Inferno Fiend,A demonic warrior fueled by the fires of the abyss.,Common,"Warrior,Demon",Evil,Tyrant,7.0,6.0,5,https://nearmonsters.s3.us-west-004.backblazeb2.com/alpha/final/0-130.png
0-131,Red Horn Warrior,"Guardian of lost souls, draped in crimson armor.",Common,"Warrior,Demon",Evil,"Telepathic Manipulation,Isolationist",6.0,8.0,7,https://nearmonsters.s3.us-west-004.backblazeb2.com/alpha/final/0-131.png
0-132,Moonlit Guardian,"In the heart of the emerald grove, he channels the moon's arcane power.",Common,"Vampire,Spirit",Good,Charismatic Charm,4.0,6.0,5,https://nearmonsters.s3.us-west-004.backblazeb2.com/alpha/final/0-132.png
0-133,Shade of the Eldritch,A spectral ruler from an ancient order of mages.,Rare,"Warrior,Spirit",Neutral,"Theocracy,Strategist",6.0,5.0,10,https://nearmonsters.s3.us-west-004.backblazeb2.com/alpha/final/0-133.png
0-134,Dark Arbiter,A mysterious figure holding the balance of life and death.,Uncommon,"Mage,Undead",Neutral,"Telepathic Manipulation,Isolationist",5.0,7.0,7,https://nearmonsters.s3.us-west-004.backblazeb2.com/alpha/final/0-134.png
0-135,Knight of the Azure Guard,A valiant knight serving the azure realms.,Common,"Warrior,Celestial",Good,Egalitarian,6.0,7.0,5,https://nearmonsters.s3.us-west-004.backblazeb2.com/alpha/final/0-135.png
0-136,Leviathan of the Abyss,An ancient creature lurking in the deepest seas.,Rare,"Demon,Beast",Neutral,"Isolationist,Fear Monger",8.0,6.0,5,https://nearmonsters.s3.us-west-004.backblazeb2.com/alpha/final/0-136.png
0-137,Guardian Of The Peak,A protector of the sacred mountain realms.,Uncommon,"Warrior,Elemental",Good,"Benevolent Overseer,Strategist",7.0,7.0,8,https://nearmonsters.s3.us-west-004.backblazeb2.com/alpha/final/0-137.png
0-138,Viper’s Bite,A deadly warrior with a venomous touch.,Common,"Demon,Warrior",Evil,"Tyrant,Trickster",7.0,6.0,6,https://nearmonsters.s3.us-west-004.backblazeb2.com/alpha/final/0-138.png
0-139,Azrak the Deceiver,A mage wielding cosmic energies from distant galaxies.,Rare,"Undead, Mage",Good,"Strategist,Charismatic Charm",7.0,6.0,11,https://nearmonsters.s3.us-west-004.backblazeb2.com/alpha/final/0-139.png
0-140,Verdant Sorcerer,A master of the magic harnessed from the heart of the forest.,Common,"Demon,Mage",Neutral,"Egalitarian,Strategist",6.0,7.0,8,https://nearmonsters.s3.us-west-004.backblazeb2.com/alpha/final/0-140.png
0-141,Gorgon the Terrible,A fearsome beast with unmatched strength.,Rare,"Demon,Beast",Evil,"Tyrant,Isolationist",9.0,8.0,12,https://nearmonsters.s3.us-west-004.backblazeb2.com/alpha/final/0-141.png
0-142,Mountain Protector,A mighty beast who safeguards mountain treasures.,Common,"Beast,Warrior",Neutral,"Egalitarian,Strategist",7.0,7.0,8,https://nearmonsters.s3.us-west-004.backblazeb2.com/alpha/final/0-142.png
0-143,Goblin Brute,A mischievous creature that thrives in the heat.,Common,"Demon,Warrior",Evil,"Trickster,Fear Monger",5.0,4.0,5,https://nearmonsters.s3.us-west-004.backblazeb2.com/alpha/final/0-143.png
0-144,Ironclad Defender,A warrior known for his impenetrable armor.,Common,"Demon,Warrior",Evil,"Trickster,Fear Monger",7.0,6.0,5,https://nearmonsters.s3.us-west-004.backblazeb2.com/alpha/final/0-144.png
0-145,Ent Guardian,Protector of the deep forest.,Common,"Elemental,Warrior",Good,"Egalitarian,Benevolent Overseer",6.0,8.0,8,https://nearmonsters.s3.us-west-004.backblazeb2.com/alpha/final/0-145.png
0-146,Hell’s Soldier,A demon with a burning passion for conquest.,Common,"Demon,Warrior",Evil,"Tyrant,Telepathic Manipulation",8.0,7.0,11,https://nearmonsters.s3.us-west-004.backblazeb2.com/alpha/final/0-146.png
0-147,Raven the Undying,A mage who has transcended death.,Rare,"Mage,Undead",Neutral,"Telepathic Manipulation,Strategist",6.0,8.0,10,https://nearmonsters.s3.us-west-004.backblazeb2.com/alpha/final/0-147.png
0-148,Mystic Vale,A serene place where magic flows freely.,Common,"Spirit,Beast",Neutral,"Isolationist,Egalitarian",3.0,6.0,4,https://nearmonsters.s3.us-west-004.backblazeb2.com/alpha/final/0-148.png
0-149,Fuzzball the Brave,A tiny warrior with a big heart.,Uncommon,"Beast,Spirit",Good,"Charismatic Charm,Egalitarian",5.0,6.0,9,https://nearmonsters.s3.us-west-004.backblazeb2.com/alpha/final/0-149.png
0-150,Zephyra the Swift,"Agile and dangerous, she's a force to be reckoned with.",Rare,"Beast,Warrior",Good,"Trickster,Strategist",7.0,8.0,11,https://nearmonsters.s3.us-west-004.backblazeb2.com/alpha/final/0-150.png
0-151,EARTHSHAKER,A behemoth forged from the very mountains.,Uncommon,"Demon,Warrior",Neutral,"Egalitarian,Isolationist",8.0,7.0,8,https://nearmonsters.s3.us-west-004.backblazeb2.com/alpha/final/0-151.png
0-152,Venomshade,A creature born from the depths of the swamp.,Common,"Demon,Spirit",Evil,"Fear Monger,Trickster",5.0,6.0,5,https://nearmonsters.s3.us-west-004.backblazeb2.com/alpha/final/0-152.png
0-153,Korrok the Fierce,A warrior whose roar can shake the forest.,Rare,"Beast,Warrior",Good,"Benevolent Overseer,Strategist",6.0,7.0,6,https://nearmonsters.s3.us-west-004.backblazeb2.com/alpha/final/0-153.png
0-154,Frostscale the Ancient,A timeless dragon with control over ice.,Rare,"Elemental,Beast",Neutral,"Theocracy,Telepathic Manipulation",7.0,8.0,11,https://nearmonsters.s3.us-west-004.backblazeb2.com/alpha/final/0-154.png
0-155,Shadowpaw Trickster,A sly creature that hides in the shadows.,Common,"Beast,Vampire",Evil,"Trickster,Charismatic Charm",5.0,5.0,8,https://nearmonsters.s3.us-west-004.backblazeb2.com/alpha/final/0-155.png
0-156,Greenthorn Jester,A vindictive spirit of the woods.,Common,"Demon,Spirit",Evil,Trickster,4.0,6.0,4,https://nearmonsters.s3.us-west-004.backblazeb2.com/alpha/final/0-156.png
0-157,Arnor the Regal,A beastly knight with a noble demeanor.,Uncommon,"Beast,Warrior",Good,"Benevolent Overseer,Strategist",7.0,7.0,9,https://nearmonsters.s3.us-west-004.backblazeb2.com/alpha/final/0-157.png
0-158,Cephalox the Abyssal,An ancient creature from the ocean's depths.,Rare,"Demon,Celestial",Neutral,"Telepathic Manipulation,Isolationist",6.0,8.0,11,https://nearmonsters.s3.us-west-004.backblazeb2.com/alpha/final/0-158.png
0-159,Emberclaw the Fiery,A creature forged from flames and fury.,Rare,"Beast,Warrior",Evil,"Tyrant,Telepathic Manipulation",8.0,7.0,11,https://nearmonsters.s3.us-west-004.backblazeb2.com/alpha/final/0-159.png
0-160,Astra the Starforged,A being whose power is drawn from constellations.,Uncommon,"Celestial,Undead",Good,"Theocracy,Charismatic Charm",6.0,7.0,8,https://nearmonsters.s3.us-west-004.backblazeb2.com/alpha/final/0-160.png
0-161,Rufus the Gallant,"A warrior of honor, guarding the celestial realms.",Uncommon,"Beast,Warrior",Good,"Benevolent Overseer,Egalitarian",7.0,6.0,6,https://nearmonsters.s3.us-west-004.backblazeb2.com/alpha/final/0-161.png
0-162,Mystic Seer,A mage who can gaze into the depths of time.,Common,"Undead,Mage",Neutral,"Telepathic Manipulation,Theocracy",5.0,7.0,6,https://nearmonsters.s3.us-west-004.backblazeb2.com/alpha/final/0-162.png
0-163,Vermilia the Puppeteer,A master of marionettes with a mischievous streak.,Uncommon,"Demon,Mage",Evil,"Trickster,Fear Monger",4.0,5.0,4,https://nearmonsters.s3.us-west-004.backblazeb2.com/alpha/final/0-163.png
0-164,Vala The Frost Queen,A mage with command over the icy winds.,Rare,"Celestial,Mage",Good,"Charismatic Charm,Theocracy",7.0,6.0,11,https://nearmonsters.s3.us-west-004.backblazeb2.com/alpha/final/0-164.png
0-165,Fury the Dreadlord,"A demon knight, bringing fear wherever he treads.",Rare,"Demon,Undead",Evil,"Tyrant,Fear Monger",8.0,7.0,11,https://nearmonsters.s3.us-west-004.backblazeb2.com/alpha/final/0-165.png
0-166,Holy Vengeance,A celestial being emanating pure light.,Common,"Celestial,Warrior",Good,"Theocracy,Charismatic Charm",7.0,6.0,11,https://nearmonsters.s3.us-west-004.backblazeb2.com/alpha/final/0-166.png
0-167,Gorok the Stonefur,A massive bear with an unyielding stance.,Uncommon,"Beast,Warrior",Neutral,"Tyrant,Egalitarian",8.0,7.0,9,https://nearmonsters.s3.us-west-004.backblazeb2.com/alpha/final/0-167.png
0-168,Valethorn Druid,Guardian of the ancient groves and its spirits.,Uncommon,"Spirit,Warrior",Neutral,"Strategist,Theocracy",6.0,6.0,8,https://nearmonsters.s3.us-west-004.backblazeb2.com/alpha/final/0-168.png
0-169,Emberwhisk the Cunning,A cat with mystical flames and a playful heart.,Uncommon,"Beast,Spirit",Good,"Trickster,Charismatic Charm",4.0,5.0,5,https://nearmonsters.s3.us-west-004.backblazeb2.com/alpha/final/0-169.png
0-170,Arcane Crusader,A knight endowed with the magic of the ancients.,Uncommon,"Celestial,Warrior",Good,"Strategist,Benevolent Overseer",7.0,6.0,8,https://nearmonsters.s3.us-west-004.backblazeb2.com/alpha/final/0-170.png
0-171,Icebone Lich,A mage of frost and the void.,Uncommon,"Mage,Undead",Evil,"Telepathic Manipulation,Fear Monger",6.0,7.0,10,https://nearmonsters.s3.us-west-004.backblazeb2.com/alpha/final/0-171.png
0-172,Rockjaw Titan,A giant whose very steps shake the earth.,Common,"Warrior,Beast",Neutral,"Tyrant,Egalitarian",8.0,8.0,5,https://nearmonsters.s3.us-west-004.backblazeb2.com/alpha/final/0-172.png
0-173,Starfire Sprite,A playful spirit from the cosmic realms.,Rare,"Spirit,Celestial",Good,"Trickster,Charismatic Charm",5.0,6.0,11,https://nearmonsters.s3.us-west-004.backblazeb2.com/alpha/final/0-173.png
0-174,Cryptic Enchanter,A hooded figure who wields ancient spells.,Common,"Undead,Demon",Neutral,"Strategist,Telepathic Manipulation",5.0,6.0,6,https://nearmonsters.s3.us-west-004.backblazeb2.com/alpha/final/0-174.png
0-175,Blazeclaw Dragon,A dragon who thrives amidst roaring flames.,Uncommon,"Beast,Elemental",Neutral,"Charismatic Charm,Isolationist",7.0,6.0,8,https://nearmonsters.s3.us-west-004.backblazeb2.com/alpha/final/0-175.png
0-176,Verdant Whisker,A mystical cat with an aura of enchantment.,Common,"Beast,Spirit",Good,"Egalitarian,Charismatic Charm",4.0,5.0,5,https://nearmonsters.s3.us-west-004.backblazeb2.com/alpha/final/0-176.png
0-177,Stellar Sorceress,A mage with power drawn from the cosmos.,Rare,"Celestial,Vampire",Neutral,"Theocracy,Strategist",7.0,6.0,11,https://nearmonsters.s3.us-west-004.backblazeb2.com/alpha/final/0-177.png
0-178,Flarefang the Ferocious,A beast who embodies the spirit of wildfire.,Uncommon,"Beast,Warrior",Neutral,"Tyrant,Fear Monger",8.0,6.0,8,https://nearmonsters.s3.us-west-004.backblazeb2.com/alpha/final/0-178.png
0-179,Azurescale Drake,A dragon with scales that shimmer like sapphire.,Common,"Beast,Elemental",Neutral,"Charismatic Charm,Trickster",6.0,5.0,5,https://nearmonsters.s3.us-west-004.backblazeb2.com/alpha/final/0-179.png
0-180,Elysia the Guardian,A protector of ancient forests and their secrets.,Uncommon,"Warrior,Mage",Good,"Benevolent Overseer,Egalitarian",5.0,7.0,4,https://nearmonsters.s3.us-west-004.backblazeb2.com/alpha/final/0-180.png
0-181,Thornback Troll,A brute known to crush anyone crossing his path.,Common,"Beast,Demon",Evil,"Tyrant,Isolationist",8.0,7.0,6,https://nearmonsters.s3.us-west-004.backblazeb2.com/alpha/final/0-181.png
0-182,Sentinel's Passage,"Nestled within the embrace of majestic snow-capped peaks lies the grand fortress of Sentinel's Passage. A testament to the architectural prowess of an ancient civilization, the fortress stands tall, its towering spires reaching for the azure skies. Its stone walls, etched with intricate patterns, tell tales of valor and honor, of battles won and heroes celebrated. The imposing gateway, adorned with ornate arches and delicate carvings, beckons travelers from afar. In the distance, the silhouette of a lone warrior stands vigilant, embodying the spirit of resilience and courage that the land represents. Sentinel's Passage is not just a fortress; it is a symbol of unyielding strength and enduring legacy.",Land,Warrior,Neutral,,,,0,https://nearmonsters.s3.us-west-004.backblazeb2.com/alpha/final/0-182.png
0-183,Nocturnal Citadel,"In the heart of the Land of Vampires, the Nocturnal Citadel rises defiantly against the moody skies. With spires sharp as fangs and architecture dark as the night, this imposing fortress dominates the horizon. Every detail of its construction, from the intricately carved gargoyles to the blood-red glow emanating from its depths, whispers of power and ancient secrets. Beneath its shadow, the city sprawls in silent reverence, waiting for the night to unveil its true essence. Here, in this realm of eternal twilight, the vampires reign supreme, their legacy etched in stone and their presence felt in every whispered wind.",Land,Vampire,Evil,,,,0,https://nearmonsters.s3.us-west-004.backblazeb2.com/alpha/final/0-183.png
0-184,Infernal Stronghold,"Deep within the Land of Demons, the Infernal Stronghold blazes with fury, casting an ominous glow across the fiery horizon. Its spires, sharp and menacing, pierce the smoky sky, mirroring the wrath of the creatures dwelling within. Engulfed by flames that dance and writhe like serpents, the citadel stands as a testament to the untamed power of the underworld. The silhouette of a monstrous face forms in the smoke, watching over its realm with a gaze as fierce as the molten lava below. Here, where the earth cracks open to reveal its burning heart, demons rule with an iron fist, their dominion unchallenged and their might undeniable.",Land,Demon,Evil,,,,0,https://nearmonsters.s3.us-west-004.backblazeb2.com/alpha/final/0-184.png
0-185,Arcanum Nexus,"In the heart of the Celestial Realms lies Arcanum Nexus, a floating sanctum illuminated by the radiant beacon known as the Luminous Core. This beacon, pulsating with magical energies, has given birth to generations of the universe's most formidable mages. Arcanum Nexus is cradled between sky-high cliffs with vibrant foliage, each leaf echoing with whispers of ancient spells. The central spire is the Mage's Citadel, a place of learning, experimentation, and mastery over the arcane arts.",Land,Mage,Neutral,,,,0,https://nearmonsters.s3.us-west-004.backblazeb2.com/alpha/final/0-185.png
0-186,Ethereal Veil,"Nestled between the realms of the living and the departed, Ethereal Veil is a mesmerizing land that pulses with spiritual energy. The very atmosphere shimmers with colors that seem to dance, whispering tales of eons past. Majestic mountains, carved by time and memory, stretch toward the cosmos, their peaks bathed in the ethereal light of the spirit stars.",Land,Spirit,Good,,,,0,https://nearmonsters.s3.us-west-004.backblazeb2.com/alpha/final/0-186.png
0-187,Elysium's Midnight,"In the heart of the enigmatic realm known as the Land Of The Undead, Elysium's Midnight stands as an awe-inspiring testament to eternity. Bathed in the ghostly blue of a moonless night, a towering chapel rises majestically, crowned with a crucifix that watches over the solemn graveyard. An ethereal glow emanates from the chapel's entrance, drawing wanderers towards its mysterious allure. Tombstones, worn by time and tales untold, are scattered throughout, each bearing silent witness to lives once lived. Flickering candles, the guardians of the departed, cast a gentle luminescence, guiding the souls on their timeless journey. Elysium's Midnight is not just a place, but a moment frozen between the world of the living and the embrace of the ever-after.",Land,Undead,Evil,,,,0,https://nearmonsters.s3.us-west-004.backblazeb2.com/alpha/final/0-187.png
0-188,Heaven's Pinnacle,"Floating above a sea of soft, rolling clouds lies the Land Of Celestials, a realm where the boundaries of reality and dreams intertwine. At the heart of this ethereal domain stands Heaven's Pinnacle, an architectural marvel of glistening spires reaching for the cosmos. Radiant beams of light pierce the velvet sky, illuminating the grandeur of the castle and its reflection below. The amber horizon, where day meets night, paints a canvas of myriad hues, showcasing nature's exquisite symphony. Nestled amongst the stars, this celestial kingdom is a beacon of hope and wonder, inviting souls to explore the mysteries of the universe and the depths of their own imaginations. Heaven's Pinnacle is not merely a destination, but a journey into the infinite expanse of the cosmos.",Land,Celestial,Good,,,,0,https://nearmonsters.s3.us-west-004.backblazeb2.com/alpha/final/0-188.png
0-189,Pyron Spires,"The Pyron Spire stands majestically in the heart of the Land of Elementals, a beacon of fiery passion and unwavering strength. Its radiant core pulsates with the energy of the elemental forces, emanating an ethereal glow that can be seen from miles away. Surrounded by intricate temples and towering spires, this monument is a testament to the ancient civilizations that once thrived in this magical realm. The spire's foundation is a dance of molten rock and solid stone, cascading into a serene pool below, symbolizing the harmony of fire and water. This awe-inspiring structure is not just an architectural marvel but a spiritual epicenter, drawing elementals from far and wide to harness its raw energy and seek enlightenment.",Land,Elemental,Good,,,,0,https://nearmonsters.s3.us-west-004.backblazeb2.com/alpha/final/0-189.png
0-190,Verdant Haven,"Deep within the Land of Beasts, the Verdant Haven thrives as an emblem of nature's untamed splendor. Majestic trees with luminous canopies rise to the skies, their roots interwoven with tales of ancient times. These arboreal giants serve as both guardians and homes to countless mystical creatures. Sunbeams pierce through the forest canopy, casting a gentle glow upon the tranquil pathways adorned with luminescent mushrooms and vibrant flora. Nestled at the heart of the haven is a mystical treehouse, its door emitting a soft purple radiance, signaling a sanctuary for those who seek communion with the beasts. The whispers of leaves and the songs of unseen creatures harmonize, making the Verdant Haven a symphony of life and a testament to nature's enduring magic.",Land,Beast,Neutral,,,,0,https://nearmonsters.s3.us-west-004.backblazeb2.com/alpha/final/0-190.png
